{
  "pizza": {
    "precision": 1.0,
    "recall": 0.8924731182795699,
    "f1-score": 0.9431818181818181,
    "support": 93,
    "confused_with": {}
  },
  "drink": {
    "precision": 1.0,
    "recall": 0.8974358974358975,
    "f1-score": 0.945945945945946,
    "support": 117,
    "confused_with": {}
  },
  "micro avg": {
    "precision": 1.0,
    "recall": 0.8952380952380953,
    "f1-score": 0.9447236180904524,
    "support": 210
  },
  "macro avg": {
    "precision": 1.0,
    "recall": 0.8949545078577337,
    "f1-score": 0.9445638820638821,
    "support": 210
  },
  "weighted avg": {
    "precision": 1.0,
    "recall": 0.8952380952380953,
    "f1-score": 0.9447218322218323,
    "support": 210
  },
  "accuracy": 0.9896907216494846
}