{
  "mood_unhappy": {
    "precision": 0.8,
    "recall": 1.0,
    "f1-score": 0.888888888888889,
    "support": 4,
    "confused_with": {}
  },
  "thanks": {
    "precision": 1.0,
    "recall": 1.0,
    "f1-score": 1.0,
    "support": 6,
    "confused_with": {}
  },
  "mood_great": {
    "precision": 1.0,
    "recall": 0.8,
    "f1-score": 0.888888888888889,
    "support": 5,
    "confused_with": {
      "goodbye": 1
    }
  },
  "goodbye": {
    "precision": 0.8571428571428571,
    "recall": 1.0,
    "f1-score": 0.923076923076923,
    "support": 6,
    "confused_with": {}
  },
  "greet": {
    "precision": 1.0,
    "recall": 1.0,
    "f1-score": 1.0,
    "support": 4,
    "confused_with": {}
  },
  "ask_menu": {
    "precision": 0.5,
    "recall": 0.25,
    "f1-score": 0.3333333333333333,
    "support": 4,
    "confused_with": {
      "ask_drink": 2,
      "ask_pizza": 1
    }
  },
  "order_pizza": {
    "precision": 1.0,
    "recall": 1.0,
    "f1-score": 1.0,
    "support": 73,
    "confused_with": {}
  },
  "affirm": {
    "precision": 0.9090909090909091,
    "recall": 1.0,
    "f1-score": 0.9523809523809523,
    "support": 10,
    "confused_with": {}
  },
  "ask_pizza": {
    "precision": 0.9857142857142858,
    "recall": 0.9857142857142858,
    "f1-score": 0.9857142857142858,
    "support": 70,
    "confused_with": {
      "ask_menu": 1
    }
  },
  "negate": {
    "precision": 1.0,
    "recall": 0.3333333333333333,
    "f1-score": 0.5,
    "support": 3,
    "confused_with": {
      "mood_unhappy": 1,
      "affirm": 1
    }
  },
  "ask_drink": {
    "precision": 0.9722222222222222,
    "recall": 1.0,
    "f1-score": 0.9859154929577464,
    "support": 70,
    "confused_with": {}
  },
  "accuracy": 0.9725490196078431,
  "macro avg": {
    "precision": 0.9112882067427521,
    "recall": 0.8517316017316017,
    "f1-score": 0.8598362513855471,
    "support": 255
  },
  "weighted avg": {
    "precision": 0.9705463599581245,
    "recall": 0.9725490196078431,
    "f1-score": 0.9682732898143005,
    "support": 255
  },
  "micro avg": {
    "precision": 0.9725490196078431,
    "recall": 0.9725490196078431,
    "f1-score": 0.9725490196078431,
    "support": 255
  }
}