{
  "drink": {
    "precision": 1.0,
    "recall": 0.8947368421052632,
    "f1-score": 0.9444444444444444,
    "support": 114,
    "confused_with": {}
  },
  "pizza": {
    "precision": 1.0,
    "recall": 0.8888888888888888,
    "f1-score": 0.9411764705882353,
    "support": 90,
    "confused_with": {}
  },
  "micro avg": {
    "precision": 1.0,
    "recall": 0.8921568627450981,
    "f1-score": 0.9430051813471504,
    "support": 204
  },
  "macro avg": {
    "precision": 1.0,
    "recall": 0.8918128654970761,
    "f1-score": 0.9428104575163399,
    "support": 204
  },
  "weighted avg": {
    "precision": 1.0,
    "recall": 0.8921568627450981,
    "f1-score": 0.9430026912725875,
    "support": 204
  },
  "accuracy": 0.9895138226882746
}