{
  "ask_menu": {
    "precision": 1.0,
    "recall": 1.0,
    "f1-score": 1.0,
    "support": 1,
    "confused_with": {}
  },
  "mood_unhappy": {
    "precision": 1.0,
    "recall": 0.75,
    "f1-score": 0.8571428571428571,
    "support": 4,
    "confused_with": {
      "goodbye": 1
    }
  },
  "thanks": {
    "precision": 1.0,
    "recall": 1.0,
    "f1-score": 1.0,
    "support": 6,
    "confused_with": {}
  },
  "affirm": {
    "precision": 1.0,
    "recall": 1.0,
    "f1-score": 1.0,
    "support": 10,
    "confused_with": {}
  },
  "greet": {
    "precision": 0.0,
    "recall": 0.0,
    "f1-score": 0.0,
    "support": 4,
    "confused_with": {
      "mood_great": 2,
      "negate": 1,
      "ask_pizza": 1
    }
  },
  "mood_great": {
    "precision": 0.6666666666666666,
    "recall": 0.8,
    "f1-score": 0.7272727272727272,
    "support": 5,
    "confused_with": {
      "goodbye": 1
    }
  },
  "ask_drink": {
    "precision": 1.0,
    "recall": 1.0,
    "f1-score": 1.0,
    "support": 70,
    "confused_with": {}
  },
  "goodbye": {
    "precision": 0.6666666666666666,
    "recall": 1.0,
    "f1-score": 0.8,
    "support": 6,
    "confused_with": {}
  },
  "negate": {
    "precision": 0.6666666666666666,
    "recall": 0.6666666666666666,
    "f1-score": 0.6666666666666666,
    "support": 3,
    "confused_with": {
      "goodbye": 1
    }
  },
  "ask_pizza": {
    "precision": 0.9859154929577465,
    "recall": 1.0,
    "f1-score": 0.9929078014184397,
    "support": 70,
    "confused_with": {}
  },
  "order_pizza": {
    "precision": 1.0,
    "recall": 1.0,
    "f1-score": 1.0,
    "support": 70,
    "confused_with": {}
  },
  "accuracy": 0.9718875502008032,
  "macro avg": {
    "precision": 0.8169014084507041,
    "recall": 0.8378787878787879,
    "f1-score": 0.8221809138636992,
    "support": 249
  },
  "weighted avg": {
    "precision": 0.9612346098007052,
    "recall": 0.9718875502008032,
    "f1-score": 0.9653352657197825,
    "support": 249
  },
  "micro avg": {
    "precision": 0.9718875502008032,
    "recall": 0.9718875502008032,
    "f1-score": 0.9718875502008032,
    "support": 249
  }
}